[["urlkey","timestamp","original","mimetype","statuscode","digest","length"],
["com,cambridge-mt)/ms3/mtk","20251021014607","https://cambridge-mt.com/ms3/mtk/","text/html","403","M747SZ432D4RBWP7IX7KYLLP5Z3IOSW2","6742"],
["com,cambridge-mt)/ms3/mtk","20251021014607","https://cambridge-mt.com/ms3/mtk/","text/html","403","RBLZGXL7XSPY6T6ZFZVNHQUCO6U77ZN7","6641"],
["com,cambridge-mt)/ms3/mtk","20251021014803","https://cambridge-mt.com/ms3/mtk/","text/html","403","EEMYYVUMRXOIVM57N3XZ5ONXWDZSOPYB","6786"],
["com,cambridge-mt)/ms3/mtk","20251021014803","https://cambridge-mt.com/ms3/mtk/","text/html","403","UHJZ6L2DGMNWBLVPKKD6M66BE2ST7SHY","6626"],
["com,cambridge-mt)/ms3/mtk","20251021014816","https://cambridge-mt.com/ms3/mtk/","text/html","403","WT5KWFS73SVKIQOJ7WVSYXLGW4LPNKE2","6626"],
["com,cambridge-mt)/ms3/mtk","20251224123839","http://www.cambridge-mt.com/ms3/mtk/","text/html","301","OQ3OBNFR7DBCFQ4ANGEQW5P2FOXZZJRA","678"],
["com,cambridge-mt)/ms3/mtk","20260101000853","https://cambridge-mt.com/ms3/mtk/","text/html","403","4JHFWJYRR26MUK36BVSDOH6CK732QCQL","6995"],
["com,cambridge-mt)/ms3/mtk","20260106061335","https://www.cambridge-mt.com/ms3/mtk/","text/html","403","65XER2XP4MJFAJNWXPAUF73ZWFR3M64F","7044"],
["com,cambridge-mt)/ms3/mtk","20260609205416","https://www.cambridge-mt.com/ms3/mtk/","text/html","403","SBUEHCCNHHBMU35NUUXMVUNUP7NTMXRB","5159"]]
